BIB_NO,Gender,Event,Time,Status
1,M,메디오폰도,03:59:46,
3,M,메디오폰도,03:59:47,
5,M,그란폰도,05:26:19,
6,M,메디오폰도,03:38:45,
7,F,그란폰도,05:14:00,
8,M,메디오폰도,05:28:10,
10,M,그란폰도,05:48:28,
11,M,메디오폰도,04:06:03,
12,M,메디오폰도,04:21:51,
13,M,메디오폰도,04:06:08,
14,M,메디오폰도,04:05:58,
15,M,메디오폰도,04:21:57,
18,M,메디오폰도,03:17:41,
19,M,메디오폰도,04:07:43,
21,M,메디오폰도,04:17:05,
22,M,그란폰도,,DNF
23,F,메디오폰도,04:14:31,
24,M,그란폰도,05:09:58,
25,F,메디오폰도,04:13:34,
26,F,메디오폰도,04:13:36,
27,M,메디오폰도,04:13:31,
28,M,메디오폰도,04:13:35,
1001,M,그란폰도,05:32:52,
1002,M,그란폰도,05:05:58,
1003,M,그란폰도,06:30:33,
1005,M,그란폰도,05:56:01,
1006,M,메디오폰도,04:49:25,
1007,M,그란폰도,05:16:34,
1009,M,그란폰도,05:05:06,
1010,M,그란폰도,05:09:20,
1011,M,그란폰도,06:36:53,
1013,M,메디오폰도,05:39:20,
1014,M,그란폰도,06:27:04,
1016,M,그란폰도,04:29:04,
1017,M,그란폰도,05:28:39,
1019,M,그란폰도,05:13:20,
1020,M,그란폰도,06:09:29,
1022,M,그란폰도,06:06:35,
1023,M,그란폰도,05:43:16,
1024,M,그란폰도,05:50:38,
1027,M,그란폰도,05:57:20,
1028,M,그란폰도,05:25:46,
1029,M,그란폰도,04:28:58,
1030,M,메디오폰도,04:59:50,
1031,M,그란폰도,05:36:11,
1033,M,그란폰도,05:50:23,
1034,M,그란폰도,06:43:16,
1036,M,메디오폰도,05:30:23,
1038,M,그란폰도,05:53:46,
1040,M,그란폰도,05:18:54,
1041,M,그란폰도,04:31:09,
1042,M,메디오폰도,04:09:46,
1044,M,그란폰도,04:52:27,
1047,M,그란폰도,05:39:42,
1048,M,그란폰도,05:47:33,
1050,M,그란폰도,06:33:31,
1051,M,그란폰도,05:54:49,
1053,M,그란폰도,06:33:33,
1055,M,그란폰도,05:21:57,
1056,F,그란폰도,07:02:55,
1057,M,그란폰도,04:29:31,
1058,M,그란폰도,05:56:46,
1059,M,메디오폰도,03:43:58,
1060,M,그란폰도,04:35:36,
1062,M,메디오폰도,03:39:45,
1063,M,그란폰도,05:26:20,
1064,M,그란폰도,05:45:18,
1066,F,메디오폰도,05:15:35,
1067,F,그란폰도,04:38:35,
1068,M,그란폰도,05:04:43,
1069,M,그란폰도,04:48:28,
1070,M,그란폰도,06:05:06,
1071,M,메디오폰도,05:04:19,
1072,M,메디오폰도,04:03:37,
1073,M,그란폰도,04:56:34,
1075,F,메디오폰도,03:26:28,
1076,M,그란폰도,05:22:32,
1077,M,그란폰도,06:35:32,
1078,M,그란폰도,05:13:23,
1079,M,그란폰도,04:22:51,
1080,M,그란폰도,05:52:38,
1081,M,메디오폰도,04:56:53,
1082,M,그란폰도,05:54:59,
1083,M,그란폰도,06:29:04,
1085,F,메디오폰도,05:27:12,
1086,M,그란폰도,05:32:36,
1087,M,그란폰도,04:39:14,
1089,M,그란폰도,,DNF
1090,M,그란폰도,05:37:59,
1091,M,그란폰도,04:34:43,
1092,M,그란폰도,,DNF
1093,M,메디오폰도,04:34:14,
1094,M,그란폰도,05:02:20,
1097,M,그란폰도,06:27:57,
1099,M,메디오폰도,04:17:28,
1101,M,그란폰도,04:37:32,
1103,M,그란폰도,05:39:03,
1105,M,그란폰도,05:18:47,
1108,M,메디오폰도,04:52:53,
1109,M,메디오폰도,04:49:46,
1110,M,그란폰도,06:04:44,
1112,M,메디오폰도,04:46:33,
1113,M,메디오폰도,04:33:42,
1114,F,그란폰도,,DNF
1115,M,그란폰도,06:38:53,
1116,M,그란폰도,05:19:05,
1117,M,그란폰도,04:11:05,
1118,M,그란폰도,05:40:48,
1119,M,그란폰도,05:34:41,
1120,M,그란폰도,05:33:48,
1121,M,메디오폰도,04:24:43,
1122,M,그란폰도,05:45:26,
1123,M,메디오폰도,02:34:47,
1124,M,메디오폰도,03:40:58,
1125,M,그란폰도,06:47:38,
1126,M,그란폰도,05:43:18,
1127,M,메디오폰도,04:23:41,
1128,M,그란폰도,06:43:45,
1129,M,그란폰도,05:31:02,
1130,M,그란폰도,04:38:50,
1131,M,그란폰도,05:58:59,
1132,M,메디오폰도,04:12:45,
1133,M,메디오폰도,04:37:19,
1134,M,그란폰도,06:10:44,
1135,M,그란폰도,06:01:53,
1136,M,메디오폰도,04:04:39,
1137,M,그란폰도,05:54:51,
1138,M,메디오폰도,04:12:11,
1139,M,그란폰도,05:07:43,
1140,M,메디오폰도,04:43:59,
1142,M,그란폰도,06:15:05,
1143,M,그란폰도,05:31:28,
1144,M,그란폰도,04:56:11,
1146,M,그란폰도,,DNF
1147,M,그란폰도,04:41:55,
1149,M,그란폰도,05:15:28,
1150,M,그란폰도,04:40:02,
1151,M,메디오폰도,04:36:49,
1153,M,그란폰도,05:48:54,
1154,M,그란폰도,05:52:30,
1155,M,그란폰도,,DNF
1156,M,그란폰도,05:54:47,
1157,M,메디오폰도,04:49:08,
1158,M,메디오폰도,05:10:07,
1159,M,메디오폰도,03:57:16,
1160,M,그란폰도,06:28:14,
1161,M,그란폰도,05:15:11,
1163,M,메디오폰도,04:23:12,
1165,M,그란폰도,04:53:47,
1166,M,그란폰도,05:55:51,
1167,F,그란폰도,06:39:42,
1168,F,메디오폰도,04:10:03,
1172,M,그란폰도,05:18:38,
1173,M,그란폰도,04:53:15,
1174,F,그란폰도,05:08:10,
1175,M,그란폰도,,DNF
1178,M,그란폰도,04:32:20,
1180,M,메디오폰도,04:20:46,
1181,M,그란폰도,04:10:54,
1182,M,그란폰도,05:33:00,
1183,M,그란폰도,05:27:05,
1184,M,그란폰도,04:40:18,
1186,M,그란폰도,04:52:35,
1187,M,그란폰도,05:12:33,
1190,M,그란폰도,05:59:54,
1192,M,그란폰도,05:39:23,
1193,M,메디오폰도,03:53:52,
1195,M,그란폰도,06:08:20,
1197,F,그란폰도,05:21:26,
1198,M,그란폰도,05:51:21,
1201,M,메디오폰도,04:36:21,
1202,M,그란폰도,06:08:43,
1204,M,그란폰도,04:18:21,
1206,M,그란폰도,05:12:58,
1207,F,메디오폰도,04:39:50,
1208,M,그란폰도,05:50:34,
1209,M,그란폰도,05:40:03,
1210,M,메디오폰도,03:59:00,
1211,M,메디오폰도,04:34:08,
1212,M,메디오폰도,04:03:11,
1213,M,그란폰도,,DNF
1215,M,메디오폰도,04:23:43,
1216,M,메디오폰도,03:57:50,
1217,M,메디오폰도,05:15:51,
1218,M,메디오폰도,04:21:14,
1220,M,그란폰도,05:56:30,
1223,M,그란폰도,05:37:37,
1224,F,메디오폰도,03:55:38,
1225,M,그란폰도,06:31:42,
1227,M,그란폰도,,DNF
1228,M,메디오폰도,05:00:56,
1230,F,메디오폰도,04:16:33,
1231,M,메디오폰도,04:06:27,
1232,M,그란폰도,05:59:20,
1235,F,그란폰도,06:35:37,
1238,M,그란폰도,05:18:27,
1239,M,그란폰도,05:34:48,
1241,M,그란폰도,03:55:40,
1242,M,그란폰도,04:21:45,
1243,M,그란폰도,05:22:33,
1244,M,메디오폰도,04:07:27,
1245,M,메디오폰도,04:08:16,
1246,M,메디오폰도,04:41:20,
1247,M,메디오폰도,03:58:54,
1248,M,그란폰도,05:56:24,
1249,M,그란폰도,,DNF
1250,M,메디오폰도,04:11:04,
1252,M,그란폰도,06:10:25,
1253,F,그란폰도,06:36:17,
1255,M,그란폰도,05:38:05,
1256,M,그란폰도,04:35:37,
1257,M,그란폰도,04:31:59,
1258,M,메디오폰도,04:08:30,
1259,M,메디오폰도,04:22:57,
1260,M,그란폰도,05:20:29,
1261,M,메디오폰도,04:23:44,
1263,M,그란폰도,04:00:10,
1264,M,그란폰도,,DNF
1265,M,그란폰도,05:23:15,
1266,F,그란폰도,05:18:39,
1269,M,그란폰도,05:14:10,
1270,M,그란폰도,06:20:45,
1272,M,그란폰도,05:33:08,
1275,M,그란폰도,04:42:37,
1277,M,메디오폰도,02:50:40,
1279,M,그란폰도,05:08:56,
1280,M,그란폰도,06:00:20,
1281,M,메디오폰도,03:09:21,
1282,M,메디오폰도,04:08:40,
1283,M,그란폰도,04:18:08,
1284,M,그란폰도,05:32:59,
1285,M,그란폰도,,DNF
1286,M,그란폰도,05:55:44,
1287,M,메디오폰도,02:50:47,
1288,M,그란폰도,05:44:21,
1290,M,메디오폰도,05:28:02,
1293,F,메디오폰도,04:21:04,
1294,M,그란폰도,05:26:00,
1295,M,그란폰도,04:31:10,
1296,M,메디오폰도,04:58:17,
1297,M,메디오폰도,03:12:12,
1299,M,그란폰도,05:04:40,
1302,M,메디오폰도,04:16:45,
1305,M,메디오폰도,,DNF
1306,M,그란폰도,05:21:22,
1307,M,메디오폰도,04:13:50,
1310,M,그란폰도,04:47:59,
1311,M,그란폰도,05:45:29,
1312,F,메디오폰도,04:50:59,
1314,M,그란폰도,04:35:26,
1316,F,그란폰도,05:53:09,
1317,M,메디오폰도,04:26:55,
1319,M,메디오폰도,04:32:25,
1321,M,메디오폰도,03:55:33,
1322,M,그란폰도,05:14:11,
1323,M,그란폰도,05:50:11,
1324,M,그란폰도,05:32:51,
1325,M,그란폰도,06:23:35,
1326,M,그란폰도,05:53:07,
1327,M,그란폰도,06:46:41,
1328,M,그란폰도,04:09:41,
1329,F,그란폰도,05:14:41,
1330,M,그란폰도,05:06:15,
1331,M,그란폰도,05:12:19,
1337,M,메디오폰도,03:36:40,
1338,M,그란폰도,05:45:24,
1339,M,그란폰도,05:30:50,
1340,M,그란폰도,05:44:52,
1341,M,그란폰도,05:39:01,
1342,M,메디오폰도,03:27:33,
1343,M,메디오폰도,04:11:37,
1344,M,메디오폰도,04:32:46,
1345,M,그란폰도,,DNF
1346,M,그란폰도,05:26:11,
1347,M,메디오폰도,04:57:07,
1348,M,그란폰도,05:43:58,
1349,M,그란폰도,05:08:36,
1350,M,그란폰도,,DNF
1351,F,그란폰도,04:53:40,
1353,M,그란폰도,04:28:29,
1354,M,그란폰도,,DNF
1355,F,메디오폰도,04:07:00,
1356,M,메디오폰도,03:53:04,
1357,M,그란폰도,06:15:38,
1358,M,그란폰도,06:24:45,
1363,M,그란폰도,05:44:48,
1364,M,메디오폰도,04:19:14,
1365,M,그란폰도,06:00:38,
1367,M,그란폰도,05:17:25,
1368,M,메디오폰도,03:33:41,
1369,M,그란폰도,06:08:34,
1370,M,메디오폰도,05:06:18,
1372,M,메디오폰도,04:45:50,
1375,M,그란폰도,05:28:21,
1376,M,그란폰도,06:04:55,
1379,M,그란폰도,05:21:07,
1381,M,그란폰도,04:55:23,
1383,M,그란폰도,06:25:19,
1384,M,그란폰도,05:09:26,
1387,M,그란폰도,05:21:02,
1389,M,그란폰도,05:57:05,
1390,M,그란폰도,05:39:41,
1392,M,그란폰도,05:37:54,
1393,M,그란폰도,06:11:09,
1394,F,메디오폰도,04:28:28,
1395,M,그란폰도,05:16:01,
1396,M,메디오폰도,04:12:17,
1397,M,메디오폰도,03:43:57,
1398,F,그란폰도,05:33:22,
1399,M,메디오폰도,04:19:10,
1400,M,메디오폰도,04:05:50,
1401,M,메디오폰도,04:37:20,
1402,M,메디오폰도,04:16:45,
1403,M,메디오폰도,04:28:24,
1404,M,그란폰도,05:23:39,
1405,M,메디오폰도,05:03:39,
1406,F,메디오폰도,03:41:40,
1407,M,그란폰도,05:47:51,
1408,M,메디오폰도,04:28:27,
1409,M,그란폰도,,DNF
1410,M,그란폰도,03:46:59,
1413,M,메디오폰도,04:32:05,
1414,F,그란폰도,05:10:15,
1416,M,그란폰도,05:49:12,
1417,M,그란폰도,05:33:54,
1418,F,메디오폰도,03:27:16,
1419,M,메디오폰도,03:45:19,
1420,M,그란폰도,06:20:45,
1421,F,그란폰도,04:33:39,
1422,M,메디오폰도,04:08:58,
1423,M,메디오폰도,04:19:51,
1425,M,그란폰도,05:10:25,
1426,M,그란폰도,06:38:07,
1427,M,메디오폰도,04:49:25,
1428,M,그란폰도,06:18:08,
1429,M,그란폰도,05:32:00,
1432,M,메디오폰도,04:36:47,
1433,M,메디오폰도,04:06:04,
1435,M,그란폰도,04:52:35,
1436,M,메디오폰도,04:09:52,
1438,M,그란폰도,05:53:27,
1439,M,메디오폰도,04:16:34,
1440,M,그란폰도,05:44:29,
1442,M,메디오폰도,04:13:28,
1443,M,그란폰도,06:27:51,
1446,M,그란폰도,05:15:11,
1447,M,그란폰도,04:28:35,
1448,M,그란폰도,04:04:43,
1449,M,메디오폰도,05:15:54,
1451,M,그란폰도,05:57:40,
1452,F,메디오폰도,05:25:10,
1453,M,그란폰도,05:56:56,
1456,M,그란폰도,05:58:06,
1458,M,그란폰도,05:52:26,
1459,M,메디오폰도,03:27:32,
1460,M,그란폰도,05:32:38,
1462,F,메디오폰도,03:55:39,
1463,M,그란폰도,,DNF
1464,M,그란폰도,05:02:11,
1465,M,그란폰도,04:31:43,
1466,F,메디오폰도,04:09:34,
1469,M,그란폰도,,DNF
1470,M,메디오폰도,03:34:52,
1471,M,메디오폰도,03:48:40,
1472,F,그란폰도,05:54:48,
1473,M,그란폰도,06:17:15,
1474,M,그란폰도,03:55:34,
1475,M,그란폰도,05:03:46,
1477,M,메디오폰도,04:17:49,
1478,M,메디오폰도,05:12:39,
1479,M,그란폰도,06:23:35,
1480,M,그란폰도,06:32:00,
1481,M,그란폰도,05:40:45,
1483,M,메디오폰도,03:55:40,
1484,M,그란폰도,,DNF
1486,M,그란폰도,05:25:19,
1487,M,그란폰도,05:36:41,
1488,M,메디오폰도,04:12:44,
1489,M,메디오폰도,04:16:28,
1492,M,그란폰도,07:02:58,
1493,M,메디오폰도,04:08:20,
1497,F,그란폰도,06:29:45,
1498,M,그란폰도,05:50:56,
1500,M,그란폰도,05:14:31,
1501,F,메디오폰도,03:52:35,
1502,M,그란폰도,05:53:29,
1503,M,그란폰도,06:06:09,
1504,M,메디오폰도,04:37:46,
1505,M,그란폰도,06:48:55,
1506,M,그란폰도,05:29:16,
1510,M,그란폰도,06:10:34,
1511,M,그란폰도,05:29:44,
1512,M,그란폰도,05:54:57,
1513,M,그란폰도,05:11:20,
1514,M,메디오폰도,03:26:15,
1515,M,그란폰도,06:43:54,
1516,M,메디오폰도,03:23:01,
1517,M,메디오폰도,03:20:24,
1518,M,그란폰도,03:58:08,
1519,M,그란폰도,06:07:07,
1520,M,메디오폰도,03:31:37,
1523,F,그란폰도,05:19:02,
1524,M,그란폰도,06:31:49,
1525,M,메디오폰도,03:12:03,
1526,M,그란폰도,05:44:28,
1527,M,그란폰도,06:30:21,
1528,M,메디오폰도,04:06:03,
1529,M,그란폰도,04:57:36,
1530,M,그란폰도,04:21:26,
1531,M,그란폰도,04:34:31,
1533,M,그란폰도,05:00:37,
1534,M,그란폰도,06:01:55,
1535,M,메디오폰도,04:12:42,
1536,F,그란폰도,06:41:02,
1537,M,그란폰도,05:51:10,
1538,M,그란폰도,05:30:49,
1539,M,메디오폰도,04:40:56,
1540,M,그란폰도,04:18:20,
1542,F,메디오폰도,05:03:49,
1543,M,메디오폰도,,DNF
1544,M,그란폰도,06:20:34,
1545,M,메디오폰도,04:40:30,
1547,M,그란폰도,05:41:47,
1548,M,그란폰도,05:24:23,
1550,M,그란폰도,05:10:16,
1552,M,그란폰도,05:24:57,
1553,M,그란폰도,05:39:17,
1556,M,그란폰도,,DNF
1557,F,그란폰도,05:26:42,
1558,M,그란폰도,05:20:16,
1559,M,그란폰도,06:20:35,
1560,M,메디오폰도,03:51:31,
1561,M,그란폰도,05:48:36,
1563,M,메디오폰도,04:43:29,
1564,M,그란폰도,04:53:06,
1565,M,그란폰도,06:37:24,
1567,M,그란폰도,06:00:06,
1568,M,메디오폰도,04:30:25,
1569,M,메디오폰도,04:07:12,
1570,M,메디오폰도,03:14:10,
1571,M,그란폰도,05:56:41,
1572,M,그란폰도,05:45:53,
1573,F,그란폰도,06:05:34,
1574,M,메디오폰도,03:52:56,
1575,M,메디오폰도,03:35:45,
1576,M,그란폰도,05:53:08,
1578,M,메디오폰도,03:54:52,
1580,M,메디오폰도,,DNF
1581,F,메디오폰도,03:28:32,
1582,M,메디오폰도,04:21:28,
1583,M,메디오폰도,04:20:58,
1584,M,메디오폰도,04:15:11,
1585,M,그란폰도,05:41:51,
1586,M,메디오폰도,03:47:26,
1587,M,메디오폰도,04:52:14,
1588,M,그란폰도,05:51:25,
1590,M,그란폰도,04:48:34,
1591,F,그란폰도,05:57:26,
1594,M,그란폰도,04:32:33,
1595,M,그란폰도,04:50:41,
1596,M,메디오폰도,05:25:11,
1600,M,그란폰도,05:39:42,
1601,M,메디오폰도,03:56:18,
1603,M,메디오폰도,04:17:58,
1604,M,그란폰도,04:22:31,
1605,M,그란폰도,05:56:59,
1606,M,그란폰도,04:52:55,
1607,M,그란폰도,06:50:30,
1609,M,메디오폰도,03:11:52,
1610,M,메디오폰도,03:36:27,
1611,M,그란폰도,05:11:31,
1613,M,그란폰도,04:37:08,
1614,M,그란폰도,06:09:46,
1615,M,그란폰도,04:35:05,
1616,M,그란폰도,05:16:05,
1617,M,메디오폰도,04:07:51,
1619,M,메디오폰도,03:54:56,
1620,M,그란폰도,05:24:02,
1621,M,그란폰도,06:37:52,
1622,M,메디오폰도,04:17:32,
1623,M,메디오폰도,06:14:54,
1624,M,메디오폰도,04:18:46,
1625,M,메디오폰도,04:07:10,
1629,M,그란폰도,06:06:12,
1631,M,그란폰도,05:03:28,
1632,M,메디오폰도,03:54:23,
1634,M,그란폰도,04:54:39,
1635,M,그란폰도,05:47:01,
1636,M,그란폰도,,DNF
1638,M,그란폰도,,DNF
1639,M,메디오폰도,03:14:06,
1640,M,그란폰도,05:18:38,
1641,M,메디오폰도,04:09:53,
1643,F,메디오폰도,04:13:56,
1644,M,메디오폰도,04:22:17,
1645,M,메디오폰도,04:05:08,
1646,M,메디오폰도,04:34:37,
1648,M,그란폰도,,DNF
1649,M,메디오폰도,05:15:36,
1650,F,그란폰도,05:27:03,
1651,M,그란폰도,,DNF
1652,M,메디오폰도,04:12:24,
1654,M,메디오폰도,04:32:53,
1655,M,메디오폰도,04:19:08,
1658,F,메디오폰도,04:05:40,
1659,M,그란폰도,,DNF
1660,M,그란폰도,05:16:53,
1661,M,그란폰도,04:55:01,
1662,M,그란폰도,04:52:06,
1663,M,그란폰도,05:22:46,
1666,M,그란폰도,05:09:44,
1668,M,그란폰도,05:23:36,
1670,M,그란폰도,04:41:20,
1672,M,그란폰도,04:57:27,
1675,F,메디오폰도,03:38:15,
1676,M,메디오폰도,03:47:59,
1677,M,그란폰도,05:59:35,
1678,M,그란폰도,05:50:20,
1679,M,그란폰도,06:07:42,
1680,F,그란폰도,05:26:02,
1683,M,메디오폰도,,DNF
1684,M,메디오폰도,,DNF
1685,M,그란폰도,05:08:51,
1686,F,그란폰도,04:48:46,
1687,M,그란폰도,06:24:46,
1689,M,그란폰도,05:52:44,
1690,M,그란폰도,05:34:39,
1692,M,그란폰도,05:53:30,
1693,M,메디오폰도,04:08:44,
1696,M,메디오폰도,03:40:37,
1698,M,메디오폰도,02:55:40,
1699,M,메디오폰도,03:58:38,
1702,M,그란폰도,06:28:55,
1703,M,메디오폰도,03:27:28,
1704,M,그란폰도,,DNF
1706,M,그란폰도,05:30:46,
1707,M,그란폰도,05:37:04,
1709,M,메디오폰도,03:54:22,
1712,M,메디오폰도,03:48:32,
1713,M,메디오폰도,04:44:55,
1714,M,메디오폰도,03:54:48,
1715,M,그란폰도,04:03:47,
1718,M,그란폰도,05:45:36,
1720,M,그란폰도,06:21:53,
1721,M,메디오폰도,04:13:55,
1722,M,메디오폰도,05:31:23,
1724,F,메디오폰도,05:15:51,
1725,M,그란폰도,05:15:21,
1728,M,메디오폰도,04:03:02,
1729,M,그란폰도,05:50:16,
1731,M,그란폰도,04:57:31,
1732,M,그란폰도,04:57:25,
1733,M,그란폰도,05:59:46,
1734,M,메디오폰도,03:54:52,
1736,M,그란폰도,05:54:09,
1738,M,그란폰도,05:45:03,
1739,M,그란폰도,05:51:45,
1740,M,그란폰도,05:20:48,
1742,M,그란폰도,05:30:29,
1743,M,메디오폰도,04:36:43,
1744,M,메디오폰도,04:48:15,
1745,M,메디오폰도,04:21:32,
1747,M,그란폰도,06:23:30,
1748,M,메디오폰도,02:51:00,
1749,F,그란폰도,06:23:44,
1751,M,그란폰도,05:26:59,
1754,M,그란폰도,05:54:56,
1756,M,메디오폰도,04:02:26,
1757,M,그란폰도,05:02:20,
1758,M,메디오폰도,03:22:53,
1760,F,그란폰도,04:59:08,
1762,M,그란폰도,06:05:47,
1763,M,그란폰도,05:45:30,
1766,M,그란폰도,05:35:57,
1767,M,메디오폰도,03:40:56,
1768,M,메디오폰도,03:55:11,
1769,M,메디오폰도,04:13:01,
1772,F,그란폰도,06:09:59,
1775,M,메디오폰도,05:04:21,
1776,M,그란폰도,05:29:03,
1777,M,그란폰도,05:49:49,
1779,M,그란폰도,05:57:39,
1780,M,메디오폰도,,DNF
1782,F,그란폰도,04:57:41,
1784,M,그란폰도,05:26:41,
1787,M,메디오폰도,03:13:38,
1788,M,그란폰도,05:46:27,
1791,M,메디오폰도,04:20:54,
1792,M,메디오폰도,04:11:39,
1793,M,그란폰도,05:39:34,
1794,M,메디오폰도,04:13:17,
1795,M,그란폰도,,DNF
1796,M,그란폰도,,DNF
1798,M,그란폰도,05:22:34,
1799,M,그란폰도,05:34:23,
1800,M,그란폰도,05:15:51,
1801,M,그란폰도,05:43:23,
1802,M,그란폰도,06:00:23,
1803,M,그란폰도,05:57:52,
1804,M,그란폰도,,DNF
1806,M,그란폰도,06:24:15,
1809,M,그란폰도,,DNF
1812,M,그란폰도,04:59:23,
1813,F,메디오폰도,03:39:03,
1814,M,메디오폰도,04:34:42,
1815,M,메디오폰도,03:30:20,
1816,M,그란폰도,06:37:35,
1817,M,메디오폰도,03:58:38,
1819,M,그란폰도,05:36:49,
1821,M,그란폰도,05:37:19,
1822,M,그란폰도,04:34:33,
1825,M,그란폰도,05:28:46,
1826,M,그란폰도,04:28:46,
1829,M,그란폰도,05:18:08,
1830,M,메디오폰도,04:14:25,
1831,M,메디오폰도,04:21:38,
1832,M,그란폰도,06:44:58,
1833,M,그란폰도,05:50:02,
1836,M,그란폰도,04:09:39,
1837,M,메디오폰도,04:35:09,
1839,M,그란폰도,05:05:03,
1841,M,메디오폰도,04:34:39,
1843,M,그란폰도,04:57:42,
1844,M,그란폰도,05:02:31,
1845,M,그란폰도,06:16:03,
1846,M,그란폰도,05:59:47,
1847,M,그란폰도,04:47:04,
1848,M,메디오폰도,04:38:19,
1849,F,그란폰도,05:41:30,
1850,M,그란폰도,05:37:52,
1851,M,그란폰도,05:41:01,
1852,M,메디오폰도,04:29:30,
1853,M,그란폰도,04:39:15,
1855,F,메디오폰도,04:06:48,
1856,M,그란폰도,06:22:37,
1857,M,그란폰도,05:45:30,
1858,M,그란폰도,05:49:48,
1859,M,메디오폰도,04:00:46,
1860,M,그란폰도,05:11:55,
1861,M,메디오폰도,05:31:32,
1862,M,메디오폰도,04:09:32,
1863,M,그란폰도,05:48:49,
1864,M,그란폰도,06:10:49,
1865,M,그란폰도,06:14:43,
1866,M,그란폰도,06:01:22,
1867,M,메디오폰도,04:12:18,
1870,M,메디오폰도,04:23:37,
1871,M,메디오폰도,03:54:51,
1872,M,메디오폰도,04:03:59,
1873,M,그란폰도,05:57:08,
1876,M,그란폰도,04:40:29,
1878,M,그란폰도,04:55:03,
1879,F,메디오폰도,03:31:07,
1880,M,그란폰도,06:18:26,
1882,M,그란폰도,04:37:43,
1883,M,메디오폰도,03:15:12,
1884,M,그란폰도,05:09:34,
1885,M,메디오폰도,04:09:25,
1887,M,그란폰도,04:17:27,
1888,M,그란폰도,04:45:17,
1889,M,그란폰도,06:09:41,
1891,M,그란폰도,05:27:11,
1893,M,메디오폰도,04:21:59,
1896,M,그란폰도,04:36:59,
1897,M,그란폰도,05:12:43,
1898,M,메디오폰도,04:11:17,
1899,M,메디오폰도,04:18:12,
1902,M,그란폰도,06:06:17,
1903,M,메디오폰도,03:41:39,
1905,M,그란폰도,05:53:47,
1906,M,그란폰도,05:32:28,
1907,M,메디오폰도,02:25:40,
1908,M,그란폰도,06:18:01,
1909,M,그란폰도,,DNF
1910,M,그란폰도,05:55:55,
1911,F,메디오폰도,03:52:59,
1912,M,메디오폰도,04:33:12,
1913,M,그란폰도,06:07:19,
1914,M,그란폰도,,DNF
1915,M,그란폰도,05:22:26,
1916,M,그란폰도,,DNF
1918,M,메디오폰도,05:27:07,
1919,M,메디오폰도,03:31:23,
1920,M,그란폰도,05:54:18,
1921,M,메디오폰도,04:55:06,
1922,M,메디오폰도,04:39:04,
1923,M,그란폰도,05:31:52,
1924,M,그란폰도,04:13:05,
1925,M,그란폰도,05:32:51,
1926,F,메디오폰도,04:37:24,
1927,F,그란폰도,06:27:51,
1929,M,메디오폰도,04:19:07,
1930,M,그란폰도,04:48:28,
1932,M,그란폰도,03:55:38,
1933,M,메디오폰도,03:36:49,
1934,M,메디오폰도,04:08:50,
1936,M,그란폰도,05:53:48,
1937,M,그란폰도,05:51:03,
1938,M,메디오폰도,04:00:03,
1941,M,그란폰도,04:44:21,
1942,M,그란폰도,05:40:08,
1943,M,그란폰도,05:09:51,
1945,M,메디오폰도,03:14:42,
1948,M,메디오폰도,03:39:04,
1949,M,그란폰도,06:09:45,
1950,M,그란폰도,04:31:58,
1951,M,메디오폰도,03:55:02,
1952,M,그란폰도,05:34:38,
1953,F,그란폰도,06:51:21,
1954,M,그란폰도,05:37:14,
1955,M,그란폰도,04:53:42,
1956,M,그란폰도,05:36:22,
1957,M,그란폰도,04:41:18,
1958,M,그란폰도,04:31:20,
1960,M,메디오폰도,05:14:08,
1962,M,그란폰도,06:32:40,
1964,M,메디오폰도,04:13:35,
1965,M,그란폰도,,DNF
1966,M,그란폰도,05:32:52,
1967,M,그란폰도,05:13:14,
1968,M,그란폰도,04:59:55,
1969,M,메디오폰도,04:51:00,
1970,M,메디오폰도,04:21:28,
1973,M,메디오폰도,02:50:41,
1974,M,메디오폰도,03:48:45,
1975,M,그란폰도,04:15:39,
1976,M,그란폰도,05:58:20,
1977,M,그란폰도,06:00:08,
1979,M,메디오폰도,03:53:26,
1980,M,메디오폰도,04:23:08,
1984,M,그란폰도,05:57:46,
1985,M,그란폰도,05:54:59,
1986,M,메디오폰도,04:23:32,
1987,M,그란폰도,05:05:12,
1989,F,메디오폰도,04:37:01,
1990,M,그란폰도,06:31:27,
1991,M,그란폰도,05:52:42,
1992,M,메디오폰도,04:21:17,
1993,M,그란폰도,,DNF
1994,M,그란폰도,04:57:34,
1995,M,그란폰도,04:21:40,
1996,M,메디오폰도,04:19:06,
1997,M,그란폰도,05:30:28,
1999,M,메디오폰도,03:31:52,
2000,M,그란폰도,04:08:35,
2001,F,메디오폰도,04:43:25,
2002,M,그란폰도,06:30:37,
2003,M,그란폰도,06:01:29,
2006,M,그란폰도,04:44:34,
2007,M,그란폰도,05:35:48,
2008,M,메디오폰도,04:44:41,
2009,M,그란폰도,,DNF
2010,M,그란폰도,04:16:02,
2011,M,그란폰도,05:13:22,
2012,M,그란폰도,06:33:52,
2013,M,그란폰도,05:11:37,
2015,M,메디오폰도,03:38:46,
2016,M,메디오폰도,03:52:43,
2017,M,그란폰도,06:11:46,
2019,M,그란폰도,,DNF
2020,F,메디오폰도,04:21:28,
2023,M,메디오폰도,03:26:27,
2025,M,그란폰도,05:04:07,
2026,M,메디오폰도,04:04:22,
2027,M,그란폰도,05:55:01,
2028,M,메디오폰도,04:29:24,
2031,M,그란폰도,,DNF
2032,F,메디오폰도,04:19:08,
2033,M,그란폰도,05:44:36,
2035,F,그란폰도,05:54:57,
2036,M,메디오폰도,05:25:12,
2037,M,그란폰도,05:59:00,
2038,M,메디오폰도,04:51:34,
2039,M,그란폰도,04:31:29,
2040,M,그란폰도,,DNF
2041,M,그란폰도,06:16:55,
2043,M,그란폰도,05:57:49,
2044,M,메디오폰도,03:29:34,
2045,M,메디오폰도,04:35:33,
2048,M,그란폰도,,DNF
2049,M,그란폰도,06:28:07,
2051,M,그란폰도,06:07:23,
2053,M,그란폰도,05:48:23,
2054,F,그란폰도,04:32:46,
2055,M,그란폰도,05:24:26,
2056,M,그란폰도,04:57:38,
2057,M,그란폰도,04:44:28,
2058,F,메디오폰도,04:43:31,
2059,M,그란폰도,04:21:35,
2060,M,그란폰도,05:00:40,
2062,M,메디오폰도,04:34:04,
2063,M,메디오폰도,03:54:30,
2065,F,메디오폰도,04:03:15,
2066,M,그란폰도,05:50:44,
2067,M,메디오폰도,04:23:19,
2068,M,그란폰도,04:58:59,
2070,M,그란폰도,06:37:22,
2071,M,그란폰도,05:35:18,
2073,M,그란폰도,04:37:20,
2074,M,그란폰도,03:55:40,
2075,M,그란폰도,05:45:25,
2076,M,메디오폰도,03:20:40,
2077,M,그란폰도,06:26:55,
2078,M,그란폰도,05:18:32,
2079,M,그란폰도,06:20:35,
2083,F,그란폰도,06:23:45,
2086,M,그란폰도,04:10:57,
2087,M,그란폰도,05:23:34,
2088,M,메디오폰도,04:05:31,
2089,M,그란폰도,05:30:04,
2090,M,그란폰도,06:12:42,
2091,M,그란폰도,04:55:28,
2093,M,그란폰도,06:15:38,
2094,M,그란폰도,05:57:46,
2096,M,그란폰도,05:50:02,
2098,M,메디오폰도,03:26:25,
2099,M,메디오폰도,04:04:07,
2100,M,메디오폰도,05:07:35,
2101,M,그란폰도,05:39:52,
2102,M,메디오폰도,03:39:37,
2104,M,그란폰도,04:58:17,
2105,M,그란폰도,04:32:55,
2106,M,메디오폰도,03:46:54,
2107,M,그란폰도,05:33:02,
2108,M,그란폰도,04:55:27,
2109,M,메디오폰도,04:39:55,
2110,M,메디오폰도,04:01:02,
2112,M,그란폰도,05:41:11,
2113,M,그란폰도,04:19:03,
2114,M,그란폰도,05:52:59,
2115,M,그란폰도,06:25:58,
2119,M,메디오폰도,05:04:48,
2121,M,그란폰도,,DNF
2122,M,메디오폰도,04:12:42,
2123,M,메디오폰도,03:54:58,
2124,M,그란폰도,05:38:50,
2126,M,그란폰도,06:10:06,
2127,M,메디오폰도,03:55:00,
2128,M,그란폰도,06:36:27,
2129,M,메디오폰도,03:55:19,
2130,M,그란폰도,06:30:30,
2135,F,그란폰도,05:26:25,
2136,M,그란폰도,05:47:49,
2137,M,그란폰도,06:58:26,
2140,M,메디오폰도,04:35:11,
2141,M,그란폰도,04:05:28,
2142,M,그란폰도,05:41:36,
2143,M,그란폰도,06:13:29,
2145,M,그란폰도,06:31:45,
2146,M,그란폰도,06:43:04,
2147,M,그란폰도,06:11:05,
2148,M,메디오폰도,02:31:00,
2149,M,메디오폰도,03:54:55,
2151,M,메디오폰도,04:13:54,
2152,M,메디오폰도,03:58:13,
2153,M,그란폰도,05:08:03,
2156,M,그란폰도,05:35:11,
2157,M,메디오폰도,04:41:41,
2159,M,메디오폰도,04:43:49,
2160,M,그란폰도,05:44:22,
2161,M,그란폰도,05:16:16,
2165,M,그란폰도,05:45:26,
2168,M,메디오폰도,03:43:25,
2169,M,그란폰도,06:33:16,
2170,M,그란폰도,05:57:59,
2171,M,그란폰도,05:40:08,
2172,M,그란폰도,05:07:36,
2174,M,그란폰도,04:37:47,
2175,M,그란폰도,05:21:29,
2176,F,메디오폰도,03:55:09,
2178,M,메디오폰도,04:18:55,
2179,M,메디오폰도,04:18:22,
2182,M,그란폰도,04:53:42,
2183,M,그란폰도,05:51:23,
2184,M,메디오폰도,04:49:29,
2185,M,그란폰도,05:08:27,
2186,M,메디오폰도,03:11:26,
2189,M,그란폰도,04:54:56,
2191,M,그란폰도,06:09:04,
2192,M,그란폰도,05:21:18,
2194,M,그란폰도,04:52:30,
2195,M,그란폰도,06:30:31,
2196,M,그란폰도,,DNF
2197,M,그란폰도,06:08:09,
2198,F,그란폰도,05:08:30,
2201,M,그란폰도,05:51:12,
2203,M,그란폰도,06:53:02,
2204,M,메디오폰도,02:54:53,
2206,M,메디오폰도,04:40:43,
2207,M,그란폰도,06:06:46,
2208,M,메디오폰도,03:44:30,
2210,M,메디오폰도,04:25:41,
2211,M,그란폰도,06:11:53,
2212,M,그란폰도,05:50:05,
2213,M,그란폰도,05:28:19,
2214,M,그란폰도,04:51:32,
2216,M,그란폰도,04:59:19,
2217,M,그란폰도,04:34:22,
2218,M,그란폰도,05:52:46,
2219,M,그란폰도,06:24:08,
2220,M,그란폰도,05:06:45,
2221,M,메디오폰도,04:03:50,
2222,M,그란폰도,05:07:10,
2223,F,그란폰도,06:12:21,
2224,M,메디오폰도,04:56:49,
2227,M,그란폰도,05:29:35,
2228,M,그란폰도,06:26:44,
2229,M,그란폰도,05:25:31,
2231,M,그란폰도,05:59:09,
2232,M,그란폰도,05:31:34,
2233,M,그란폰도,06:00:00,
2234,M,그란폰도,05:37:46,
2236,M,그란폰도,05:06:45,
2237,M,그란폰도,04:17:56,
2238,M,그란폰도,05:43:47,
2240,M,그란폰도,05:14:01,
2241,M,그란폰도,04:43:43,
2242,M,그란폰도,05:01:55,
2244,M,메디오폰도,03:55:40,
2245,M,메디오폰도,05:08:05,
2246,F,그란폰도,05:09:23,
2247,M,그란폰도,06:50:24,
2249,M,그란폰도,05:11:40,
2250,M,메디오폰도,04:39:53,
2252,M,그란폰도,05:31:14,
2253,F,메디오폰도,04:39:20,
2255,M,그란폰도,04:35:03,
2257,M,메디오폰도,03:04:57,
2259,M,그란폰도,05:17:13,
2260,M,그란폰도,04:50:47,
2262,M,그란폰도,06:03:52,
2263,M,그란폰도,04:08:30,
2266,M,그란폰도,04:33:39,
2267,M,그란폰도,05:48:50,
2268,M,그란폰도,05:22:30,
2271,F,메디오폰도,04:08:30,
2273,M,그란폰도,05:55:44,
2274,M,그란폰도,05:26:31,
2275,M,그란폰도,,DNF
2276,M,메디오폰도,03:52:54,
2277,M,그란폰도,05:34:32,
2279,M,그란폰도,05:44:04,
2280,F,메디오폰도,04:10:12,
2283,M,메디오폰도,05:20:14,
2284,M,그란폰도,05:46:04,
2285,M,그란폰도,05:45:31,
2286,M,그란폰도,05:10:21,
2287,M,그란폰도,05:09:31,
2288,M,메디오폰도,04:48:05,
2289,M,그란폰도,06:01:33,
2294,M,메디오폰도,04:01:36,
2295,M,그란폰도,04:27:28,
2296,M,그란폰도,05:04:06,
2298,M,그란폰도,05:17:27,
2299,M,그란폰도,05:50:02,
2300,M,그란폰도,04:28:07,
2301,M,그란폰도,04:41:25,
2302,M,메디오폰도,04:24:50,
2304,M,메디오폰도,03:45:37,
2305,M,메디오폰도,02:51:52,
2306,M,그란폰도,06:23:34,
2307,M,그란폰도,06:38:28,
2309,M,메디오폰도,04:23:04,
2311,M,그란폰도,04:12:10,
2312,M,그란폰도,05:40:12,
2313,M,그란폰도,05:27:06,
2314,M,그란폰도,05:40:08,
2316,M,그란폰도,04:27:59,
2317,M,그란폰도,05:35:44,
2318,M,메디오폰도,04:56:59,
2320,M,그란폰도,03:58:48,
2322,M,그란폰도,05:33:57,
2323,M,메디오폰도,03:29:37,
2326,M,그란폰도,03:48:24,
2327,F,그란폰도,04:59:49,
2328,M,그란폰도,06:22:51,
2330,M,메디오폰도,04:43:58,
2332,F,그란폰도,05:23:55,
2333,M,그란폰도,05:55:44,
2334,M,그란폰도,04:32:56,
2337,M,메디오폰도,04:15:22,
2341,M,그란폰도,04:31:32,
2343,M,그란폰도,,DNF
2344,F,그란폰도,04:55:54,
2345,M,그란폰도,04:57:36,
2346,M,그란폰도,04:41:24,
2347,M,그란폰도,06:15:13,
2348,M,그란폰도,05:45:19,
2349,M,그란폰도,05:59:14,
2353,M,그란폰도,05:41:48,
2355,M,그란폰도,05:49:32,
2356,M,메디오폰도,04:18:22,
2357,F,그란폰도,06:38:13,
2358,M,메디오폰도,04:18:47,
2359,M,그란폰도,06:00:19,
2362,M,그란폰도,05:50:39,
2363,M,그란폰도,04:42:44,
2364,M,그란폰도,05:50:54,
2365,M,메디오폰도,04:11:32,
2367,M,그란폰도,05:54:33,
2368,M,메디오폰도,03:39:37,
2369,M,그란폰도,04:58:20,
2370,M,그란폰도,05:35:55,
2371,M,그란폰도,05:21:58,
2372,M,그란폰도,05:14:32,
2374,M,그란폰도,04:48:19,
2375,F,그란폰도,05:13:23,
2376,M,그란폰도,05:50:31,
2379,M,메디오폰도,04:11:46,
2380,F,그란폰도,05:23:31,
2382,M,그란폰도,05:30:29,
2383,M,그란폰도,06:22:37,
2384,M,메디오폰도,04:18:45,
2387,M,메디오폰도,04:08:38,
2388,M,그란폰도,05:40:47,
2390,M,그란폰도,06:12:45,
2393,M,그란폰도,05:31:55,
2394,M,메디오폰도,04:25:16,
2395,F,메디오폰도,03:46:59,
2396,M,메디오폰도,04:46:24,
2397,M,그란폰도,06:27:58,
2402,M,그란폰도,05:37:27,
2403,M,그란폰도,05:18:46,
2404,M,그란폰도,06:06:20,
2406,F,그란폰도,05:50:35,
2407,M,그란폰도,,DNF
2408,M,메디오폰도,04:46:05,
2409,M,메디오폰도,03:14:17,
2410,M,메디오폰도,03:54:24,
2411,M,메디오폰도,04:19:50,
2412,M,메디오폰도,03:55:23,
2413,M,메디오폰도,04:30:15,
2414,M,그란폰도,05:47:04,
2415,M,메디오폰도,04:16:57,
2416,M,그란폰도,04:59:26,
2417,M,그란폰도,05:41:43,
2418,M,그란폰도,05:46:51,
2419,M,그란폰도,06:10:27,
2420,M,그란폰도,04:46:26,
2421,F,메디오폰도,03:47:58,
2426,M,메디오폰도,03:55:32,
2428,M,메디오폰도,03:18:58,
2431,M,그란폰도,06:59:24,
2433,M,메디오폰도,03:27:27,
2434,M,그란폰도,04:57:31,
2435,M,그란폰도,06:43:47,
2436,M,그란폰도,05:13:48,
2438,M,그란폰도,05:56:28,
2439,M,그란폰도,05:58:43,
2440,M,메디오폰도,03:53:37,
2441,M,그란폰도,05:26:36,
2442,M,그란폰도,05:58:33,
2443,M,그란폰도,06:08:50,
2446,M,그란폰도,,DNF
2447,M,메디오폰도,04:02:33,
2448,F,메디오폰도,04:19:08,
2450,M,메디오폰도,04:47:04,
2451,M,그란폰도,04:58:20,
2452,M,그란폰도,06:15:31,
2453,M,메디오폰도,04:04:09,
2454,M,그란폰도,05:47:45,
2456,M,그란폰도,06:37:55,
2459,M,그란폰도,05:04:31,
2460,M,그란폰도,05:32:40,
2461,M,그란폰도,05:47:50,
2463,M,메디오폰도,04:39:51,
2464,M,메디오폰도,04:26:55,
2466,M,그란폰도,04:21:37,
2467,M,메디오폰도,03:48:03,
2468,M,메디오폰도,02:40:46,
2469,M,그란폰도,06:22:02,
2470,M,메디오폰도,05:01:02,
2471,M,메디오폰도,04:19:09,
2472,M,그란폰도,05:59:09,
2473,M,그란폰도,06:35:53,
2474,M,그란폰도,05:05:10,
2477,M,그란폰도,05:32:27,
2478,F,메디오폰도,03:50:52,
2479,M,그란폰도,04:48:03,
2480,M,메디오폰도,03:04:46,
2481,M,메디오폰도,04:02:59,
2482,M,메디오폰도,04:17:27,
2483,M,메디오폰도,03:21:45,
2484,M,그란폰도,05:44:06,
2485,M,그란폰도,04:23:55,
2486,M,그란폰도,04:08:54,
2487,M,그란폰도,04:18:18,
2489,M,그란폰도,05:38:26,
2490,M,메디오폰도,04:45:32,
2491,F,그란폰도,05:34:09,
2492,F,그란폰도,05:03:32,
2495,M,메디오폰도,04:30:30,
2496,M,메디오폰도,04:43:57,
2497,M,그란폰도,05:46:56,
2500,M,메디오폰도,04:17:41,
2501,M,그란폰도,05:17:56,
2503,M,메디오폰도,03:45:30,
2505,F,그란폰도,05:20:49,
2506,F,그란폰도,,DNF
2508,M,그란폰도,04:30:37,
2511,M,그란폰도,05:53:09,
2512,M,메디오폰도,04:34:20,
2514,M,메디오폰도,04:09:39,
2515,M,그란폰도,06:33:50,
2518,M,메디오폰도,05:16:36,
2521,M,메디오폰도,04:30:50,
2522,M,메디오폰도,03:38:31,
2523,M,그란폰도,06:10:45,
2524,M,메디오폰도,04:11:56,
2526,M,메디오폰도,04:23:16,
2527,M,그란폰도,04:52:06,
2528,M,그란폰도,05:59:56,
2529,M,그란폰도,06:06:38,
2530,M,그란폰도,04:34:30,
2531,M,메디오폰도,04:15:11,
2532,M,그란폰도,,DNF
2533,M,그란폰도,06:10:56,
2534,M,그란폰도,04:53:47,
2536,M,그란폰도,05:34:53,
2539,M,메디오폰도,04:02:14,
2540,M,메디오폰도,03:58:55,
2541,M,그란폰도,06:29:57,
2542,M,메디오폰도,03:53:56,
2543,M,메디오폰도,05:00:42,
2544,M,메디오폰도,05:11:59,
2545,M,그란폰도,06:33:32,
2547,M,그란폰도,06:12:08,
2549,M,그란폰도,05:03:45,
2550,M,그란폰도,05:59:43,
2552,M,메디오폰도,03:59:17,
2554,M,그란폰도,06:42:25,
2555,F,그란폰도,05:16:47,
2556,M,메디오폰도,04:03:55,
2557,M,메디오폰도,04:00:55,
2558,F,메디오폰도,04:46:35,
2559,M,그란폰도,06:31:58,
2561,M,그란폰도,,DNF
2562,M,그란폰도,05:50:50,
2563,F,그란폰도,05:42:53,
2565,M,그란폰도,06:23:42,
2566,M,메디오폰도,04:07:12,
2568,M,그란폰도,04:40:32,
2569,M,메디오폰도,04:07:34,
2570,M,그란폰도,06:06:40,
2571,M,메디오폰도,04:06:24,
2572,M,메디오폰도,04:22:58,
2575,M,그란폰도,05:56:40,
2576,M,그란폰도,06:28:18,
2577,M,그란폰도,05:22:24,
2578,M,그란폰도,04:41:06,
2579,F,메디오폰도,05:05:04,
2581,M,그란폰도,04:04:32,
2582,M,그란폰도,05:21:20,
2583,M,그란폰도,05:50:37,
2584,M,그란폰도,06:28:03,
2585,M,메디오폰도,03:58:55,
2586,F,메디오폰도,03:14:10,
2587,M,그란폰도,05:42:47,
2588,M,그란폰도,,DNF
2589,M,그란폰도,05:37:29,
2590,M,메디오폰도,04:34:33,
2591,M,그란폰도,03:50:42,
2592,M,그란폰도,05:04:59,
2593,M,메디오폰도,04:05:57,
2594,M,메디오폰도,04:53:49,
2595,M,메디오폰도,03:57:07,
2596,M,그란폰도,05:05:05,
2597,M,메디오폰도,03:47:37,
2598,M,메디오폰도,04:07:42,
2599,M,메디오폰도,04:46:53,
2601,M,그란폰도,05:20:51,
2602,M,그란폰도,05:47:26,
2603,M,그란폰도,03:55:35,
2604,M,그란폰도,04:12:11,
2605,M,메디오폰도,04:04:11,
3000,M,메디오폰도,03:24:09,
3001,M,메디오폰도,04:52:07,
3002,M,메디오폰도,05:34:01,
3003,M,메디오폰도,05:26:47,
3004,M,메디오폰도,03:13:24,
3005,F,메디오폰도,05:47:37,
3006,M,메디오폰도,04:05:22,
3008,M,메디오폰도,04:04:53,
3009,F,메디오폰도,03:42:13,
3010,M,메디오폰도,04:36:48,
3013,M,메디오폰도,03:46:46,
3014,M,메디오폰도,04:26:21,
3016,M,메디오폰도,04:09:36,
3017,M,메디오폰도,04:29:39,
3018,M,메디오폰도,04:58:40,
3019,M,메디오폰도,05:50:59,
3020,M,메디오폰도,04:02:23,
3021,M,메디오폰도,04:57:04,
3023,M,메디오폰도,04:27:32,
3024,M,메디오폰도,05:09:30,
3025,M,메디오폰도,03:53:59,
3027,M,메디오폰도,04:32:45,
3029,F,메디오폰도,04:51:15,
3030,M,메디오폰도,04:31:06,
3033,M,메디오폰도,03:34:16,
3035,M,메디오폰도,05:07:06,
3036,M,메디오폰도,04:45:59,
3037,M,메디오폰도,04:15:53,
3039,F,메디오폰도,04:27:25,
3040,M,메디오폰도,04:15:24,
3041,M,메디오폰도,04:04:25,
3042,M,메디오폰도,,DNF
3043,M,메디오폰도,04:58:54,
3045,M,메디오폰도,04:00:25,
3046,M,메디오폰도,04:35:01,
3047,M,메디오폰도,03:30:30,
3048,M,메디오폰도,04:29:03,
3049,M,메디오폰도,04:35:26,
3050,M,메디오폰도,04:29:51,
3052,M,메디오폰도,04:05:19,
3054,F,메디오폰도,04:33:15,
3055,M,메디오폰도,05:31:05,
3056,M,메디오폰도,04:30:05,
3057,M,메디오폰도,03:10:59,
3058,M,메디오폰도,04:24:24,
3059,M,메디오폰도,03:54:55,
3060,F,메디오폰도,05:11:15,
3061,M,메디오폰도,03:50:33,
3064,M,메디오폰도,04:19:14,
3065,M,메디오폰도,04:43:59,
3066,M,메디오폰도,,DNF
3069,F,메디오폰도,04:11:55,
3071,M,메디오폰도,04:41:39,
3072,M,메디오폰도,04:02:00,
3073,F,메디오폰도,03:38:59,
3077,F,메디오폰도,06:01:26,
3079,M,메디오폰도,04:32:54,
3081,M,메디오폰도,05:20:11,
3082,M,메디오폰도,04:38:40,
3083,M,메디오폰도,05:04:02,
3085,M,메디오폰도,04:02:56,
3086,M,메디오폰도,04:01:38,
3089,M,메디오폰도,03:48:52,
3090,M,메디오폰도,04:01:48,
3091,M,메디오폰도,04:46:20,
3093,M,메디오폰도,05:10:04,
3094,M,메디오폰도,04:54:58,
3095,M,메디오폰도,04:17:03,
3098,F,메디오폰도,03:04:18,
3099,M,메디오폰도,03:56:32,
3101,M,메디오폰도,06:41:02,
3102,M,메디오폰도,04:42:33,
3103,M,메디오폰도,04:21:00,
3104,F,메디오폰도,05:06:28,
3105,M,메디오폰도,05:25:42,
3106,M,메디오폰도,04:46:45,
3108,M,메디오폰도,05:03:05,
3109,M,메디오폰도,05:28:18,
3111,M,메디오폰도,04:27:41,
3112,M,메디오폰도,04:45:19,
3114,M,메디오폰도,03:51:29,
3118,F,메디오폰도,04:49:49,
3121,M,메디오폰도,04:37:01,
3122,F,메디오폰도,05:52:25,
3123,M,메디오폰도,04:14:16,
3124,M,메디오폰도,03:45:19,
3125,M,메디오폰도,03:39:50,
3128,M,메디오폰도,05:48:17,
3130,F,메디오폰도,04:32:05,
3131,M,메디오폰도,03:42:50,
3133,M,메디오폰도,04:42:06,
3134,M,메디오폰도,06:11:57,
3135,M,메디오폰도,04:19:26,
3136,M,메디오폰도,04:13:54,
3137,M,메디오폰도,04:33:22,
3139,M,메디오폰도,04:58:26,
3140,M,메디오폰도,04:44:21,
3143,M,메디오폰도,04:07:47,
3144,M,메디오폰도,,DNF
3146,M,메디오폰도,06:20:17,
3147,M,메디오폰도,04:43:03,
3148,M,메디오폰도,04:33:08,
3149,M,메디오폰도,02:54:50,
3151,M,메디오폰도,04:31:40,
3154,M,메디오폰도,,DNF
3155,M,메디오폰도,04:00:32,
3156,M,메디오폰도,,DNF
3157,M,메디오폰도,04:17:22,
3158,M,메디오폰도,04:06:24,
3159,M,메디오폰도,05:02:21,
3160,M,메디오폰도,05:16:44,
3161,M,메디오폰도,04:51:41,
3162,M,메디오폰도,04:03:50,
3163,M,메디오폰도,04:42:37,
3164,M,메디오폰도,04:09:36,
3165,M,메디오폰도,04:18:37,
3166,M,메디오폰도,03:59:39,
3170,M,메디오폰도,04:43:30,
3171,M,메디오폰도,05:03:47,
3172,M,메디오폰도,04:09:28,
3173,M,메디오폰도,03:59:26,
3174,F,메디오폰도,,DNF
3175,M,메디오폰도,03:37:59,
3176,M,메디오폰도,04:29:30,
3178,M,메디오폰도,04:27:47,
3181,M,메디오폰도,05:03:43,
3182,M,메디오폰도,02:54:28,
3183,M,메디오폰도,04:31:22,
3184,F,메디오폰도,05:32:28,
3185,M,메디오폰도,04:01:16,
3187,M,메디오폰도,03:44:18,
3188,M,메디오폰도,05:10:05,
3189,M,메디오폰도,04:17:55,
3190,M,메디오폰도,04:24:40,
3191,M,메디오폰도,03:35:26,
3192,M,메디오폰도,03:54:57,
3194,M,메디오폰도,,DNF
3195,M,메디오폰도,03:43:36,
3197,M,메디오폰도,03:59:23,
3201,M,메디오폰도,04:29:12,
3202,M,메디오폰도,04:30:40,
3205,F,메디오폰도,,DNF
3208,M,메디오폰도,03:55:13,
3209,M,메디오폰도,05:31:34,
3210,M,메디오폰도,,DNF
3211,M,메디오폰도,04:17:08,
3212,M,메디오폰도,05:20:06,
3214,M,메디오폰도,04:05:11,
3215,M,메디오폰도,05:20:54,
3218,M,메디오폰도,05:10:00,
3226,M,메디오폰도,05:30:07,
3227,M,메디오폰도,05:30:10,
3228,M,메디오폰도,04:43:21,
3229,M,메디오폰도,05:07:55,
3230,M,메디오폰도,03:43:03,
3231,M,메디오폰도,04:12:28,
3233,M,메디오폰도,04:12:18,
3236,M,메디오폰도,04:33:56,
3237,M,메디오폰도,05:14:44,
3238,M,메디오폰도,04:20:48,
3240,M,메디오폰도,04:36:13,
3241,M,메디오폰도,05:01:52,
3242,M,메디오폰도,05:51:17,
3245,M,메디오폰도,04:59:40,
3246,M,메디오폰도,05:28:12,
3249,M,메디오폰도,05:17:22,
3250,M,메디오폰도,04:35:44,
3251,M,메디오폰도,03:45:23,
3252,M,메디오폰도,03:17:54,
3254,M,메디오폰도,04:02:21,
3256,M,메디오폰도,03:37:35,
3257,M,메디오폰도,03:51:41,
3258,M,메디오폰도,04:15:16,
3259,M,메디오폰도,05:14:43,
3260,M,메디오폰도,04:05:04,
3261,M,메디오폰도,04:17:05,
3262,M,메디오폰도,04:51:43,
3263,M,메디오폰도,04:16:58,
3264,M,메디오폰도,03:53:19,
3265,M,메디오폰도,05:00:57,
3266,M,메디오폰도,04:29:08,
3267,M,메디오폰도,04:19:03,
3268,M,메디오폰도,04:06:25,
3269,M,메디오폰도,05:03:16,
3274,F,메디오폰도,04:30:58,
3275,M,메디오폰도,04:12:48,
3276,M,메디오폰도,03:45:23,
3278,M,메디오폰도,04:49:57,
3279,M,메디오폰도,04:22:14,
3280,M,메디오폰도,05:22:41,
3282,M,메디오폰도,05:08:32,
3283,M,메디오폰도,04:08:12,
3284,M,메디오폰도,,DNF
3285,M,메디오폰도,05:44:49,
3286,M,메디오폰도,03:53:00,
3287,M,메디오폰도,05:59:20,
3288,M,메디오폰도,04:16:58,
3289,M,메디오폰도,04:32:34,
3290,M,메디오폰도,04:28:28,
3291,M,메디오폰도,03:45:31,
3293,M,메디오폰도,03:49:24,
3294,M,메디오폰도,04:14:37,
3295,M,메디오폰도,05:14:41,
3296,M,메디오폰도,05:07:52,
3297,M,메디오폰도,05:18:26,
3298,M,메디오폰도,04:13:58,
3302,M,메디오폰도,04:05:24,
3303,M,메디오폰도,05:05:22,
3305,F,메디오폰도,04:12:19,
3308,M,메디오폰도,04:35:06,
3309,M,메디오폰도,04:03:47,
3310,M,메디오폰도,04:59:39,
3311,M,메디오폰도,04:29:12,
3312,M,메디오폰도,05:25:08,
3313,M,메디오폰도,05:11:15,
3314,M,메디오폰도,03:56:37,
3315,M,메디오폰도,03:40:55,
3317,M,메디오폰도,05:13:58,
3318,M,메디오폰도,04:48:21,
3320,F,메디오폰도,04:12:32,
3322,M,메디오폰도,05:19:40,
3324,F,메디오폰도,04:32:45,
3325,M,메디오폰도,04:04:28,
3328,M,메디오폰도,04:12:11,
3329,M,메디오폰도,04:54:03,
3330,F,메디오폰도,04:04:50,
3331,M,메디오폰도,04:31:06,
3332,M,메디오폰도,05:21:02,
3334,M,메디오폰도,04:02:30,
3336,M,메디오폰도,03:50:19,
3337,M,메디오폰도,05:15:53,
3338,M,메디오폰도,05:06:21,
3339,M,메디오폰도,04:20:36,
3340,M,메디오폰도,04:33:12,
3341,M,메디오폰도,04:05:15,
3342,M,메디오폰도,03:51:12,
3343,M,메디오폰도,03:33:21,
3344,M,메디오폰도,03:36:41,
3347,M,메디오폰도,05:04:30,
3348,M,메디오폰도,04:46:01,
3349,M,메디오폰도,04:03:17,
3351,M,메디오폰도,04:35:55,
3352,M,메디오폰도,04:58:42,
3353,M,메디오폰도,04:45:06,
3355,M,메디오폰도,03:53:45,
3357,M,메디오폰도,04:04:49,
3358,M,메디오폰도,04:00:15,
3359,M,메디오폰도,04:40:03,
3361,M,메디오폰도,04:28:27,
3362,M,메디오폰도,04:03:00,
3363,M,메디오폰도,05:15:53,
3364,M,메디오폰도,04:03:57,
3365,M,메디오폰도,04:07:58,
3367,F,메디오폰도,04:13:51,
3368,M,메디오폰도,03:50:28,
3369,F,메디오폰도,04:43:03,
3372,M,메디오폰도,,DNF
3374,M,메디오폰도,04:28:17,
3376,M,메디오폰도,04:51:00,
4000,M,그란폰도,04:24:18,
4001,M,그란폰도,04:38:42,
4002,M,그란폰도,04:20:46,
4005,M,그란폰도,05:08:07,
4006,M,그란폰도,04:26:43,
4007,M,그란폰도,04:12:24,
4008,M,그란폰도,04:20:43,
4010,M,그란폰도,04:20:42,
4011,M,그란폰도,04:02:05,
4012,M,그란폰도,04:20:52,
4013,M,그란폰도,04:20:58,
4014,M,그란폰도,04:26:10,
4019,M,그란폰도,06:02:01,
4020,M,그란폰도,06:01:58,
4021,M,그란폰도,06:02:08,
4022,M,그란폰도,06:02:02,
4023,M,그란폰도,04:02:22,
4025,M,그란폰도,04:20:25,
4027,M,메디오폰도,04:26:36,
4028,F,그란폰도,05:55:16,
4029,M,그란폰도,05:04:36,
4030,M,그란폰도,05:20:25,
4031,M,그란폰도,05:40:57,
4032,M,그란폰도,04:55:43,
4033,M,그란폰도,05:36:36,
4035,F,그란폰도,05:55:00,
4037,M,메디오폰도,03:47:31,
4038,M,메디오폰도,03:46:16,
4039,M,메디오폰도,03:46:12,
4040,M,메디오폰도,03:53:14,
4041,M,그란폰도,04:30:12,
4042,F,그란폰도,04:40:56,
4043,M,그란폰도,04:29:27,
4044,M,그란폰도,04:41:20,
4045,M,그란폰도,04:40:34,
4046,M,그란폰도,04:29:15,
4047,M,그란폰도,04:31:55,
4048,M,그란폰도,04:29:21,
4049,M,그란폰도,04:40:59,
4050,F,그란폰도,04:37:10,
4051,M,그란폰도,04:29:59,
4052,F,그란폰도,04:54:34,
4053,F,그란폰도,04:54:30,
4054,M,그란폰도,04:54:28,
4055,M,그란폰도,04:18:51,
4057,M,그란폰도,05:25:55,
4058,F,메디오폰도,04:04:13,
4059,F,그란폰도,05:26:01,
4060,M,그란폰도,05:26:08,
4061,M,그란폰도,05:25:58,
4062,M,그란폰도,,DNF
4063,M,그란폰도,05:26:08,
4064,M,메디오폰도,04:04:11,
4068,M,그란폰도,05:25:57,
4069,M,메디오폰도,04:03:55,
4071,M,그란폰도,05:26:33,
4073,M,메디오폰도,04:09:43,
4074,M,메디오폰도,04:29:21,
4075,M,메디오폰도,03:57:08,
4077,M,그란폰도,06:48:17,
4078,M,그란폰도,,DNF
4080,M,그란폰도,07:15:04,
4081,M,메디오폰도,04:29:41,
4083,F,그란폰도,05:29:44,
4084,M,그란폰도,05:29:36,
4085,M,그란폰도,05:29:30,
4086,M,그란폰도,05:55:13,
4089,M,그란폰도,05:29:31,
4090,F,그란폰도,05:29:36,
4092,F,그란폰도,04:47:36,
4093,M,그란폰도,04:52:37,
4094,M,그란폰도,,DNF
4095,M,그란폰도,05:22:54,
4096,M,메디오폰도,04:16:10,
4097,M,메디오폰도,04:10:24,
4098,M,메디오폰도,04:10:09,
4104,M,그란폰도,04:32:25,
4106,F,메디오폰도,04:28:43,
4107,M,그란폰도,,DNF
4108,M,메디오폰도,04:39:12,
4109,M,그란폰도,,DNF
4110,M,메디오폰도,04:41:53,
4111,F,메디오폰도,04:42:01,
4112,M,메디오폰도,04:41:29,
4113,M,그란폰도,,DNF
4115,M,메디오폰도,03:12:19,
4118,M,메디오폰도,03:31:31,
4119,M,그란폰도,04:06:10,
4121,M,메디오폰도,04:02:45,
4122,M,그란폰도,04:57:36,
4123,M,그란폰도,,DNF
4125,M,메디오폰도,03:31:57,
4126,F,메디오폰도,03:31:51,
4128,M,그란폰도,04:53:31,
4129,M,그란폰도,04:54:17,
4132,F,그란폰도,04:57:39,
4133,F,그란폰도,04:56:02,
4134,M,메디오폰도,03:26:32,
4135,M,그란폰도,04:56:09,
4136,M,그란폰도,05:23:54,
4137,F,그란폰도,05:50:26,
4138,M,그란폰도,04:55:56,
4139,M,그란폰도,04:53:26,
4141,M,메디오폰도,03:26:48,
4142,M,그란폰도,05:32:31,
4143,M,그란폰도,04:59:35,
4144,F,메디오폰도,03:26:39,
4145,F,메디오폰도,03:38:08,
4146,M,그란폰도,04:56:14,
4148,M,그란폰도,03:55:53,
4149,M,메디오폰도,03:01:49,
4150,F,메디오폰도,04:06:41,
4151,M,그란폰도,06:24:11,
4152,M,그란폰도,,DNF
4153,M,그란폰도,04:52:32,
4154,M,메디오폰도,03:02:03,
4155,M,그란폰도,05:26:12,
4156,M,그란폰도,04:56:11,
4157,M,그란폰도,03:55:12,
4158,M,메디오폰도,03:01:54,
4164,F,그란폰도,04:31:48,
4165,M,그란폰도,04:41:14,
4166,M,그란폰도,04:27:29,
4167,M,그란폰도,04:28:08,
4168,M,그란폰도,04:28:33,
4169,M,그란폰도,04:27:22,
4170,M,그란폰도,03:45:03,
4171,M,그란폰도,04:42:12,
4172,M,그란폰도,04:28:14,
4173,F,그란폰도,04:28:15,
4174,M,그란폰도,04:26:55,
4175,M,그란폰도,04:42:03,
4176,M,그란폰도,05:30:49,
4178,M,그란폰도,05:30:41,
4182,M,그란폰도,04:30:53,
4187,M,메디오폰도,03:29:17,
4188,M,메디오폰도,03:29:31,
4190,M,그란폰도,05:19:43,
4192,M,그란폰도,05:26:15,
4193,M,메디오폰도,05:07:09,
4194,F,그란폰도,05:50:20,
4196,F,메디오폰도,03:39:37,
4197,M,그란폰도,04:00:02,
4198,F,그란폰도,05:23:19,
4199,M,메디오폰도,05:23:23,
4200,F,메디오폰도,05:07:03,
4201,M,그란폰도,04:45:23,
4202,M,그란폰도,05:59:18,
4203,M,그란폰도,06:45:53,
4204,M,그란폰도,06:45:52,
4205,M,그란폰도,06:02:27,
4206,M,그란폰도,05:45:10,
4207,M,그란폰도,05:38:36,
4208,M,그란폰도,05:38:55,
4209,M,그란폰도,05:39:55,
4210,M,그란폰도,05:19:23,
4211,M,그란폰도,05:18:54,
4212,M,메디오폰도,03:51:38,
4213,M,메디오폰도,03:12:31,
4214,M,메디오폰도,03:48:58,
4215,F,그란폰도,,DNF
4217,M,그란폰도,04:59:14,
4218,M,그란폰도,05:18:00,
4219,F,그란폰도,05:25:07,
4220,M,그란폰도,05:25:12,
4221,M,메디오폰도,04:12:52,
4222,M,그란폰도,05:18:22,
4223,M,메디오폰도,05:04:52,
4224,M,메디오폰도,04:20:41,
4225,M,메디오폰도,04:22:04,
4227,M,메디오폰도,05:04:52,
4229,M,메디오폰도,04:26:05,
4230,F,메디오폰도,04:26:05,
4231,M,메디오폰도,03:13:47,
4232,F,그란폰도,05:10:08,
4233,M,그란폰도,05:29:02,
4234,M,그란폰도,05:29:08,
4235,M,메디오폰도,03:29:54,
4236,M,그란폰도,05:29:05,
4237,M,그란폰도,06:29:40,
4238,M,그란폰도,05:25:28,
4239,M,그란폰도,05:29:04,
4240,M,그란폰도,,DNF
4242,M,그란폰도,04:21:21,
4243,M,그란폰도,05:57:41,
4244,M,그란폰도,05:11:10,
4245,M,그란폰도,04:22:04,
4246,M,메디오폰도,03:33:15,
4247,M,그란폰도,05:05:54,
4248,M,그란폰도,04:21:10,
4249,M,그란폰도,04:21:13,
4250,F,그란폰도,,DNF
4251,M,메디오폰도,,DNF
4252,M,그란폰도,05:06:28,
4253,M,그란폰도,05:04:00,
4254,F,그란폰도,05:04:13,
4255,F,그란폰도,04:21:07,
4256,M,그란폰도,04:21:03,
4257,F,메디오폰도,03:33:18,
4258,M,그란폰도,05:50:28,
4259,M,메디오폰도,03:48:04,
4260,M,그란폰도,05:58:13,
4261,M,그란폰도,04:57:25,
4267,M,메디오폰도,03:19:52,
4268,M,그란폰도,04:08:34,
4269,M,메디오폰도,03:21:11,
4270,M,그란폰도,04:33:49,
4271,M,그란폰도,04:28:56,
4272,M,메디오폰도,03:24:19,
4273,M,그란폰도,04:32:40,
4274,M,그란폰도,04:56:47,
4275,M,그란폰도,04:56:42,
4276,M,그란폰도,04:15:06,
4277,M,그란폰도,04:15:21,
4279,M,그란폰도,04:56:37,
4280,M,그란폰도,04:08:21,
4281,M,그란폰도,04:56:33,
4283,M,메디오폰도,03:20:05,
4284,M,그란폰도,05:11:08,
4285,M,메디오폰도,03:38:33,
4286,M,그란폰도,05:11:08,
4290,M,그란폰도,04:58:02,
4295,M,그란폰도,05:11:07,
4296,M,그란폰도,04:07:20,
4298,M,그란폰도,05:25:39,
4299,M,그란폰도,05:09:01,
4300,M,그란폰도,05:26:53,
4301,M,그란폰도,05:11:03,
4302,M,그란폰도,05:26:36,
4303,M,그란폰도,05:22:58,
4305,M,그란폰도,06:06:16,
4306,M,그란폰도,06:01:34,
4307,M,그란폰도,06:02:30,
4308,M,그란폰도,06:01:46,
4309,M,그란폰도,06:03:04,
4310,F,메디오폰도,04:27:58,
4311,M,그란폰도,06:06:33,
4312,M,그란폰도,06:01:49,
4313,M,메디오폰도,05:02:29,
4315,M,그란폰도,06:02:31,
4317,M,메디오폰도,04:19:00,
4318,M,그란폰도,06:02:08,
4319,M,메디오폰도,04:16:04,
4320,F,메디오폰도,04:17:05,
4321,M,그란폰도,,DNF
4322,M,그란폰도,03:59:19,
4323,F,그란폰도,05:32:09,
4324,M,메디오폰도,03:44:45,
4333,M,그란폰도,05:29:17,
4334,M,메디오폰도,03:26:36,
4335,M,그란폰도,05:29:11,
4336,M,그란폰도,05:29:36,
4337,M,메디오폰도,03:49:38,
4338,M,메디오폰도,05:00:56,
4339,M,메디오폰도,05:04:51,
4340,M,메디오폰도,05:02:44,
4341,M,메디오폰도,05:01:05,
4342,M,메디오폰도,05:02:27,
4345,M,그란폰도,03:59:36,
4347,M,그란폰도,04:50:33,
4348,M,그란폰도,05:04:39,
4349,M,그란폰도,05:56:58,
4350,M,그란폰도,05:54:49,
4351,M,그란폰도,05:54:49,
4352,M,그란폰도,04:52:37,
4353,M,그란폰도,03:49:57,
4354,M,그란폰도,05:13:23,
4355,M,그란폰도,03:49:56,
4356,M,그란폰도,05:35:02,
4357,M,그란폰도,05:17:27,
4358,M,메디오폰도,03:49:28,
4359,M,메디오폰도,03:49:26,
4360,M,메디오폰도,,DNF
4361,M,메디오폰도,03:49:30,
4362,M,메디오폰도,03:50:20,
4363,M,메디오폰도,04:00:14,
4364,M,메디오폰도,03:49:15,
4365,M,그란폰도,05:58:58,
4366,M,메디오폰도,04:28:47,
4367,M,그란폰도,06:03:17,
4368,M,그란폰도,,DNF
4369,M,메디오폰도,04:27:32,
4370,M,메디오폰도,04:26:01,
4372,M,그란폰도,05:33:51,
4373,M,메디오폰도,04:15:42,
4374,M,그란폰도,06:50:39,
4375,F,메디오폰도,04:16:41,
4376,M,메디오폰도,04:36:06,
4377,M,메디오폰도,04:13:48,
4378,F,메디오폰도,03:47:10,
4379,M,그란폰도,05:32:38,
4380,M,그란폰도,05:32:41,
4381,M,그란폰도,06:15:14,
4382,M,메디오폰도,04:53:12,
4384,M,그란폰도,06:54:14,
4385,M,그란폰도,06:12:50,
4386,M,그란폰도,05:37:35,
4387,M,그란폰도,06:21:04,
4388,M,그란폰도,04:33:41,
4389,F,그란폰도,04:32:03,
4390,M,그란폰도,04:41:10,
4392,M,그란폰도,04:32:06,
4393,M,그란폰도,05:12:55,
4394,F,그란폰도,05:12:54,
4395,M,그란폰도,04:33:07,
4396,M,그란폰도,05:13:28,
4397,M,그란폰도,04:43:32,
4398,M,그란폰도,04:41:06,
4399,F,그란폰도,06:04:23,
4400,M,그란폰도,06:04:23,
4401,M,그란폰도,06:04:15,
4402,M,그란폰도,06:02:30,
4403,M,메디오폰도,04:06:53,
4404,M,메디오폰도,03:37:56,
4405,M,메디오폰도,04:07:42,
4406,M,메디오폰도,04:26:50,
4407,M,메디오폰도,04:24:16,
4408,M,메디오폰도,03:45:30,
4409,M,그란폰도,05:13:42,
4410,F,그란폰도,06:19:54,
4411,M,그란폰도,06:41:31,
4412,M,그란폰도,05:30:43,
4413,M,메디오폰도,05:00:27,
4414,M,메디오폰도,03:36:58,
4415,M,메디오폰도,,DNF
4416,M,메디오폰도,03:37:48,
4418,M,메디오폰도,03:03:13,
4419,M,그란폰도,04:40:45,
4420,M,그란폰도,04:38:01,
4421,M,메디오폰도,04:18:07,
4422,M,메디오폰도,02:57:52,
4423,M,메디오폰도,04:43:36,
4424,M,메디오폰도,02:55:42,
4425,M,메디오폰도,03:14:01,
4427,M,메디오폰도,02:55:49,
4428,M,메디오폰도,03:37:22,
4429,M,메디오폰도,02:55:44,
4430,M,메디오폰도,04:43:35,
4431,F,메디오폰도,03:14:17,
4432,F,메디오폰도,03:00:50,
4433,F,메디오폰도,03:56:18,
4434,M,메디오폰도,04:06:21,
4435,M,메디오폰도,03:03:11,
4436,M,메디오폰도,03:00:44,
4437,M,메디오폰도,03:56:33,
4438,F,메디오폰도,02:56:22,
4439,M,메디오폰도,02:54:06,
4440,M,메디오폰도,04:54:29,
4441,M,메디오폰도,02:53:51,
4442,M,메디오폰도,02:54:26,
4444,M,메디오폰도,02:53:48,
4445,M,메디오폰도,02:53:50,
4446,M,메디오폰도,02:53:54,
4447,F,메디오폰도,02:56:19,
4449,M,메디오폰도,02:53:58,
4452,M,그란폰도,04:03:12,
4456,M,그란폰도,06:24:17,
4457,M,그란폰도,06:24:10,
4458,M,그란폰도,05:20:26,
4459,M,그란폰도,05:41:55,
4460,M,그란폰도,05:23:27,
4461,M,그란폰도,05:31:37,
4462,M,그란폰도,05:07:20,
4463,M,그란폰도,05:34:55,
4464,M,그란폰도,05:32:56,
4466,M,그란폰도,05:10:24,
4467,M,그란폰도,05:46:06,
4468,M,그란폰도,05:34:46,
4469,M,그란폰도,05:39:14,
4470,M,그란폰도,06:16:47,
4473,F,그란폰도,,DNF
4474,M,그란폰도,05:34:51,
4476,M,그란폰도,05:31:56,
4477,M,그란폰도,05:31:52,
4478,M,그란폰도,05:45:18,
4480,M,그란폰도,,DNF
4481,M,그란폰도,05:18:23,
4482,M,메디오폰도,03:29:52,
4483,M,메디오폰도,03:29:50,
4484,F,메디오폰도,03:29:47,
4485,M,메디오폰도,03:28:26,
4486,M,메디오폰도,03:29:54,
4488,M,메디오폰도,03:47:53,
4489,M,메디오폰도,03:39:04,
4490,M,메디오폰도,04:07:12,
4491,M,그란폰도,04:52:44,
4492,M,그란폰도,04:43:36,
4493,M,그란폰도,04:44:16,
4494,M,그란폰도,04:32:52,
4495,M,그란폰도,04:52:32,
4496,M,그란폰도,04:44:55,
4497,F,그란폰도,04:49:41,
4498,M,그란폰도,03:50:13,
4500,M,그란폰도,04:43:51,
4501,M,메디오폰도,02:54:04,
4503,M,그란폰도,,DNF
4506,F,메디오폰도,04:26:01,
4509,M,메디오폰도,04:18:42,
4510,M,메디오폰도,04:16:09,
4511,M,그란폰도,05:37:18,
4512,M,그란폰도,06:32:46,
4513,M,그란폰도,05:37:09,
4515,M,메디오폰도,04:31:42,
4516,M,메디오폰도,04:29:43,
4518,M,그란폰도,04:55:48,
4519,M,그란폰도,05:39:42,
4520,M,메디오폰도,04:08:35,
4521,M,메디오폰도,04:17:33,
4522,M,메디오폰도,04:17:28,
4523,M,메디오폰도,04:17:32,
4524,M,메디오폰도,04:17:40,
4525,M,메디오폰도,04:17:28,
4526,M,그란폰도,05:18:32,
4528,M,메디오폰도,04:11:11,
4529,M,메디오폰도,04:42:34,
4530,M,메디오폰도,03:56:49,
4531,M,메디오폰도,04:09:49,
4532,M,메디오폰도,04:12:54,
4533,M,메디오폰도,04:25:19,
4534,M,메디오폰도,04:14:45,
4535,M,그란폰도,04:32:11,
4536,M,메디오폰도,03:52:48,
4538,M,메디오폰도,03:52:49,
4540,M,그란폰도,05:41:37,
4541,M,그란폰도,05:11:48,
4543,M,그란폰도,04:16:45,
4544,M,메디오폰도,03:46:03,
4545,M,메디오폰도,04:10:05,
4546,M,그란폰도,04:22:02,
4547,M,메디오폰도,03:46:07,
4548,M,그란폰도,,DNF
4549,M,그란폰도,,DNF
4550,M,메디오폰도,04:04:38,
4552,M,그란폰도,05:01:18,
4554,M,메디오폰도,03:19:09,
4556,F,메디오폰도,04:10:06,
4557,F,메디오폰도,03:46:06,
4558,F,메디오폰도,03:46:11,
4560,F,메디오폰도,03:27:39,
4563,M,그란폰도,05:10:49,
4567,F,그란폰도,05:30:06,
4568,M,그란폰도,06:24:09,
4569,M,그란폰도,06:45:07,
4570,M,그란폰도,06:11:29,
4571,M,그란폰도,06:24:03,
4572,M,그란폰도,05:16:33,
4573,M,그란폰도,06:01:29,
4574,M,그란폰도,06:24:42,
4575,M,그란폰도,,DNF
4576,M,그란폰도,06:14:07,
4577,M,그란폰도,06:00:38,
4582,M,메디오폰도,03:45:40,
4583,M,메디오폰도,,DNF
4584,M,그란폰도,05:34:31,
4585,M,그란폰도,05:59:02,
4586,M,그란폰도,05:08:38,
4588,F,그란폰도,05:57:28,
4589,M,그란폰도,05:57:40,
4590,M,그란폰도,05:57:13,
4592,M,그란폰도,05:04:18,
4594,M,메디오폰도,04:43:25,
4595,M,메디오폰도,04:01:39,
4596,M,메디오폰도,04:43:20,
4597,M,그란폰도,05:42:22,
4598,M,그란폰도,05:26:13,
4600,M,메디오폰도,04:35:04,
4604,M,그란폰도,05:04:57,
4605,M,그란폰도,05:42:18,
4606,M,메디오폰도,04:48:11,
4607,M,메디오폰도,03:05:03,
4609,M,그란폰도,04:19:42,
4610,M,그란폰도,04:20:54,
4611,M,메디오폰도,03:04:56,
4612,M,그란폰도,05:21:45,
4613,F,그란폰도,05:35:17,
4614,M,그란폰도,05:22:58,
4615,M,그란폰도,06:08:05,
4618,M,메디오폰도,03:14:14,
4619,M,메디오폰도,04:00:34,
4622,M,메디오폰도,03:38:07,
4623,M,그란폰도,,DNF
4624,M,그란폰도,04:42:52,
4625,M,그란폰도,05:49:37,
4626,F,그란폰도,,DNF
4627,M,그란폰도,05:11:01,
4629,M,그란폰도,05:33:07,
4632,M,그란폰도,04:50:16,
4634,F,그란폰도,05:11:00,
4636,M,그란폰도,04:49:06,
4637,M,그란폰도,05:34:01,
4638,M,그란폰도,04:44:41,
4639,M,메디오폰도,04:05:02,
4640,M,메디오폰도,03:20:25,
4641,M,그란폰도,05:06:04,
4642,M,메디오폰도,03:57:01,
4643,M,그란폰도,05:11:16,
4644,M,그란폰도,,DNF
4645,M,그란폰도,04:07:13,
4647,M,그란폰도,05:10:44,
4648,M,그란폰도,04:42:54,
4649,M,그란폰도,05:10:56,
4650,M,그란폰도,05:11:17,
4652,M,그란폰도,04:15:41,
4653,M,메디오폰도,03:19:31,
4654,F,메디오폰도,04:00:45,
4655,M,그란폰도,06:16:15,
4657,M,메디오폰도,,DNF
4658,M,그란폰도,04:18:13,
4659,F,그란폰도,05:10:55,
4660,M,그란폰도,05:33:03,
4661,M,메디오폰도,03:37:35,
4662,M,메디오폰도,03:22:36,
4663,M,그란폰도,05:20:13,
4664,M,그란폰도,03:48:20,
4665,M,그란폰도,,DNF
4666,M,그란폰도,04:45:42,
4668,M,그란폰도,05:11:06,
4670,M,그란폰도,05:11:05,
4671,F,그란폰도,05:11:00,
4672,M,그란폰도,05:49:44,
4673,M,그란폰도,05:56:49,
4674,M,메디오폰도,04:50:51,
4675,M,그란폰도,05:53:09,
4676,M,그란폰도,05:09:58,
4677,M,그란폰도,06:07:22,
4678,F,그란폰도,06:07:24,
4680,M,그란폰도,06:07:24,
4681,M,메디오폰도,04:35:23,
4693,M,메디오폰도,05:39:00,
4694,M,그란폰도,04:40:30,
4695,M,그란폰도,05:28:52,
4696,M,그란폰도,05:16:26,
4697,M,그란폰도,05:16:21,
4698,M,그란폰도,05:16:22,
4699,M,그란폰도,05:16:22,
4700,M,메디오폰도,04:44:45,
4701,M,메디오폰도,04:43:11,
4702,M,메디오폰도,04:43:02,
4703,M,메디오폰도,04:43:16,
4704,M,메디오폰도,04:44:25,
4705,M,메디오폰도,04:43:00,
4710,M,그란폰도,05:28:58,
4711,M,그란폰도,05:29:48,
4712,M,그란폰도,05:28:48,
4713,M,메디오폰도,05:16:54,
4714,F,메디오폰도,05:17:16,
4715,F,그란폰도,05:28:56,
4716,M,그란폰도,03:55:05,
4718,M,그란폰도,04:40:20,
4719,M,메디오폰도,03:55:15,
4720,M,메디오폰도,03:30:34,
5000,M,메디오폰도,03:35:34,
5001,F,메디오폰도,05:14:41,
5002,M,메디오폰도,05:17:55,
5003,M,메디오폰도,03:50:19,
5005,M,메디오폰도,05:14:37,
5006,M,메디오폰도,05:49:01,
5007,F,메디오폰도,05:48:50,
5008,F,메디오폰도,05:49:04,
5010,F,메디오폰도,05:49:01,
5011,M,메디오폰도,05:30:43,
5012,M,메디오폰도,04:54:41,
5013,F,메디오폰도,04:17:04,
5014,M,메디오폰도,04:36:01,
5015,M,메디오폰도,04:36:21,
5016,M,메디오폰도,04:39:02,
5019,M,메디오폰도,04:12:35,
5020,M,메디오폰도,04:12:33,
5031,M,메디오폰도,04:47:20,
5032,M,메디오폰도,04:12:38,
5033,F,메디오폰도,04:47:24,
5034,M,메디오폰도,04:23:50,
5035,M,메디오폰도,05:07:58,
5036,M,메디오폰도,04:25:50,
5037,M,메디오폰도,04:24:47,
5038,M,메디오폰도,04:31:23,
5042,M,메디오폰도,04:26:52,
5043,M,메디오폰도,04:35:29,
5045,M,메디오폰도,04:27:16,
5047,M,메디오폰도,04:29:41,
5048,M,메디오폰도,03:51:38,
5050,M,메디오폰도,05:07:03,
5051,M,메디오폰도,06:53:29,
5052,M,메디오폰도,04:47:56,
5053,M,메디오폰도,03:05:56,
5054,M,메디오폰도,03:48:56,
5055,M,메디오폰도,04:37:51,
5056,M,메디오폰도,03:03:52,
5057,M,메디오폰도,03:33:32,
5058,M,메디오폰도,04:19:49,
5059,M,메디오폰도,03:13:30,
5060,M,메디오폰도,06:11:20,
5061,M,메디오폰도,05:21:32,
5062,M,메디오폰도,04:50:42,
5063,M,메디오폰도,03:59:17,
5064,F,메디오폰도,04:50:43,
5065,M,메디오폰도,05:10:01,
5066,M,메디오폰도,04:57:04,
5067,F,메디오폰도,04:31:13,
5068,M,메디오폰도,04:33:14,
5069,M,메디오폰도,04:32:45,
5070,M,메디오폰도,04:34:45,
5071,M,메디오폰도,04:58:37,
5072,F,메디오폰도,04:59:28,
5073,F,메디오폰도,04:38:06,
5074,M,메디오폰도,04:37:58,
5075,M,메디오폰도,04:39:45,
5076,M,메디오폰도,04:37:43,
5077,M,메디오폰도,04:38:32,
5078,M,메디오폰도,03:33:32,
5079,M,메디오폰도,03:39:36,
5081,F,메디오폰도,04:32:17,
5082,M,메디오폰도,04:32:16,
5083,M,메디오폰도,05:10:13,
5084,M,메디오폰도,05:17:53,
5085,M,메디오폰도,04:58:57,
5086,F,메디오폰도,05:17:47,
5087,F,메디오폰도,05:10:15,
5089,F,메디오폰도,04:49:14,
5090,M,메디오폰도,05:42:37,
5091,M,메디오폰도,04:15:42,
5092,M,메디오폰도,06:02:32,
5093,M,메디오폰도,06:07:37,
5094,M,메디오폰도,,DNF
5095,M,메디오폰도,04:05:59,
5096,M,메디오폰도,04:31:55,
5097,M,메디오폰도,04:15:50,
5098,M,메디오폰도,05:42:34,
5099,M,메디오폰도,04:15:56,
5100,M,메디오폰도,04:17:46,
5101,M,메디오폰도,04:18:14,
5102,M,메디오폰도,04:18:15,
5106,M,메디오폰도,02:59:48,
5107,F,메디오폰도,02:59:41,
5108,M,메디오폰도,05:22:25,
5109,M,메디오폰도,05:23:04,
5110,M,메디오폰도,05:25:52,
5111,M,메디오폰도,05:30:45,
5112,M,메디오폰도,04:53:15,
5113,M,메디오폰도,04:53:14,
5114,M,메디오폰도,03:34:06,
5115,M,메디오폰도,03:44:42,
5116,M,메디오폰도,04:50:41,
5118,M,메디오폰도,04:48:54,
5119,M,메디오폰도,04:43:05,
5120,F,메디오폰도,04:03:37,
5121,M,메디오폰도,04:03:40,
5122,M,메디오폰도,04:02:32,
5123,M,메디오폰도,04:06:08,
5124,F,메디오폰도,04:41:37,
5125,F,메디오폰도,04:24:41,
5126,M,메디오폰도,04:02:16,
5127,M,메디오폰도,04:06:26,
5128,M,메디오폰도,04:41:34,
5129,M,메디오폰도,03:15:27,
5131,M,메디오폰도,03:14:24,
5134,F,메디오폰도,04:42:56,
5136,M,메디오폰도,03:38:31,
5138,F,메디오폰도,03:50:53,
5139,F,메디오폰도,04:17:58,
7000,F,그란폰도,04:56:04,
7001,F,그란폰도,04:42:04,
7002,M,그란폰도,04:42:00,
7003,M,그란폰도,04:26:07,
7004,M,그란폰도,04:45:21,
7006,M,메디오폰도,03:13:32,
7007,M,그란폰도,05:29:11,
7008,M,메디오폰도,04:37:19,
7009,M,메디오폰도,03:36:28,
7010,M,메디오폰도,,DNF
7011,M,메디오폰도,,DNF
7012,M,그란폰도,05:53:14,
7013,M,그란폰도,06:15:40,
7017,M,메디오폰도,,DNF
7019,M,그란폰도,05:56:21,
7020,F,그란폰도,05:56:24,
7021,M,그란폰도,,DNF
7022,M,메디오폰도,03:40:48,
7023,F,메디오폰도,03:35:04,
7024,M,메디오폰도,03:57:54,
7025,F,그란폰도,05:05:07,
7026,M,그란폰도,06:58:33,
7027,M,메디오폰도,04:01:08,
7028,M,그란폰도,05:05:08,
7029,F,메디오폰도,03:22:09,
7031,M,메디오폰도,03:53:58,
7033,F,메디오폰도,,DNF
7034,F,그란폰도,05:05:10,
7035,M,그란폰도,05:22:18,
7036,M,그란폰도,04:44:18,
7037,M,그란폰도,05:05:02,
7038,M,그란폰도,03:44:50,
7039,M,그란폰도,05:05:54,
7040,F,메디오폰도,03:58:57,
7042,F,그란폰도,,DNF
7044,M,그란폰도,04:55:25,
7046,M,메디오폰도,03:54:21,
7048,M,그란폰도,05:05:16,
7049,M,메디오폰도,03:58:04,
7050,F,메디오폰도,03:58:36,
7051,F,그란폰도,05:06:39,
7052,M,그란폰도,05:44:01,
7053,M,그란폰도,,DNF
7054,F,그란폰도,05:18:09,
7055,M,그란폰도,05:17:31,
7056,M,그란폰도,05:06:16,
7057,F,그란폰도,05:44:09,
7059,M,그란폰도,05:06:18,
7060,F,그란폰도,05:22:44,
7061,M,그란폰도,05:22:45,
7062,M,메디오폰도,03:33:31,
7063,M,그란폰도,04:21:28,
7064,M,그란폰도,04:21:42,
7065,M,그란폰도,04:21:28,
7066,M,그란폰도,04:12:23,
7067,F,그란폰도,04:43:41,
7068,M,그란폰도,03:49:58,
7069,M,그란폰도,05:00:13,
7070,F,메디오폰도,03:17:08,
7071,F,메디오폰도,03:28:37,
7072,F,메디오폰도,03:28:34,
7073,F,그란폰도,04:49:09,
7074,M,그란폰도,04:32:57,
7075,M,그란폰도,04:36:22,
7076,F,그란폰도,04:43:24,
7077,F,메디오폰도,03:21:35,
7078,F,메디오폰도,03:21:34,
7079,M,그란폰도,04:36:24,
7080,M,그란폰도,04:39:08,
7081,M,메디오폰도,03:09:41,
7082,M,그란폰도,04:18:23,
7084,F,그란폰도,,DNF
7086,M,메디오폰도,03:09:41,
7087,M,그란폰도,05:59:32,
7088,M,그란폰도,05:04:18,
7089,M,그란폰도,04:52:44,
7091,M,메디오폰도,03:09:43,
7093,M,메디오폰도,03:09:43,
7094,M,메디오폰도,03:38:27,
7095,M,메디오폰도,03:09:38,
7096,M,메디오폰도,03:44:47,
7097,M,그란폰도,,DNF
7098,M,그란폰도,04:36:22,
7099,M,그란폰도,,DNF
7100,M,그란폰도,05:16:49,
7101,M,메디오폰도,05:11:28,
7104,M,메디오폰도,04:40:49,
7106,M,메디오폰도,04:54:15,
7108,M,그란폰도,04:38:38,
7109,F,그란폰도,04:38:45,
7112,M,그란폰도,05:52:45,
7114,M,메디오폰도,03:11:22,
7115,M,그란폰도,04:39:02,
7117,M,그란폰도,04:36:20,
7118,M,메디오폰도,03:38:15,
7119,M,메디오폰도,03:14:02,
7120,M,그란폰도,04:36:17,
7121,M,그란폰도,,DNF
7122,F,메디오폰도,03:21:34,
7123,F,그란폰도,04:38:53,
7124,F,메디오폰도,04:09:22,
7125,F,메디오폰도,04:13:08,
7126,M,메디오폰도,05:07:28,
7127,M,메디오폰도,04:48:36,
7128,F,메디오폰도,05:07:31,
7129,M,메디오폰도,04:47:58,
7130,M,메디오폰도,03:37:17,
7131,M,메디오폰도,03:43:49,
7132,M,그란폰도,04:38:35,
7133,M,메디오폰도,03:39:39,
7134,M,그란폰도,04:52:31,
7135,M,그란폰도,05:21:13,
7136,M,그란폰도,04:04:34,
7138,M,그란폰도,03:31:53,
7141,M,그란폰도,04:53:38,
7142,M,그란폰도,05:22:19,
7143,M,그란폰도,05:22:32,
7144,M,그란폰도,05:22:44,
7145,M,그란폰도,05:25:48,
7146,M,그란폰도,05:44:13,
7147,M,메디오폰도,03:46:47,
7148,M,메디오폰도,03:55:58,
7149,M,메디오폰도,03:55:51,
7150,M,메디오폰도,03:55:56,
7151,M,메디오폰도,03:47:16,
7152,M,메디오폰도,05:10:49,
7153,F,메디오폰도,05:11:03,
7154,M,메디오폰도,05:10:52,
7155,M,메디오폰도,05:10:39,
7156,M,그란폰도,05:43:06,
7157,M,그란폰도,05:17:09,
7158,M,그란폰도,06:19:01,
7159,F,그란폰도,05:29:42,
7160,M,메디오폰도,04:23:11,
7161,F,메디오폰도,04:23:12,
7162,M,메디오폰도,03:42:46,
7163,M,그란폰도,,DNF
7164,M,메디오폰도,05:13:37,
7165,M,메디오폰도,05:04:07,
7166,M,메디오폰도,05:34:19,
7167,M,메디오폰도,04:18:44,
7168,M,메디오폰도,04:16:06,
7169,M,그란폰도,05:58:02,
7170,M,그란폰도,06:16:27,
7171,M,그란폰도,05:02:38,
7172,M,그란폰도,05:39:48,
7173,M,메디오폰도,04:35:40,
7174,M,그란폰도,04:06:32,
7175,M,그란폰도,05:31:30,
7176,M,그란폰도,05:18:26,
7177,M,메디오폰도,04:17:36,
7178,F,메디오폰도,04:26:17,
7179,M,그란폰도,06:16:54,
7180,M,메디오폰도,03:45:22,
7181,M,그란폰도,05:52:03,
7182,M,메디오폰도,04:12:33,
7183,F,메디오폰도,04:12:35,
7184,M,그란폰도,,DNF
7185,M,메디오폰도,05:38:42,
